"#","Date Time, GMT-08:00","X Accel, g (LGR S/N: 22525545, SEN S/N: 22525545)","Y Accel, g (LGR S/N: 22525545, SEN S/N: 22525545)","Z Accel, g (LGR S/N: 22525545, SEN S/N: 22525545)","X Tilt, ° (LGR S/N: 22525545, SEN S/N: 22525545)","Y Tilt, ° (LGR S/N: 22525545, SEN S/N: 22525545)","Z Tilt, ° (LGR S/N: 22525545, SEN S/N: 22525545)","Coupler Detached (LGR S/N: 22525545)","Coupler Attached (LGR S/N: 22525545)","Host Connected (LGR S/N: 22525545)","Stopped (LGR S/N: 22525545)","End Of File (LGR S/N: 22525545)"
2711,08/07/26 15:03:15,-1.025,-0.125,0.125,0,82.8,97.2,,,,,
2712,08/07/26 15:03:16,-1.025,0.25,0.6,0,104.5,126.9,,,,,
2713,08/07/26 15:03:17,-0.95,-0.1,0.125,18.2,84.3,97.2,,,,,
2714,08/07/26 15:03:18,-1,0.05,0,0,92.9,90,,,,,
2715,08/07/26 15:03:19,-1.025,0.125,0,0,97.2,90,,,,,
2716,08/07/26 15:03:20,-1.05,-0.025,0.075,0,88.6,94.3,,,,,
2717,08/07/26 15:03:21,-0.95,0.05,0.075,18.2,92.9,94.3,,,,,
2718,08/07/26 15:03:22,-1,0.05,0.05,0,92.9,92.9,,,,,
2719,08/07/26 15:03:23,-1.05,0.1,0.025,0,95.7,91.4,,,,,
2720,08/07/26 15:03:24,-1.025,0.125,0.025,0,97.2,91.4,,,,,
2721,08/07/26 15:03:25,-1.025,0.075,0.05,0,94.3,92.9,,,,,
2722,08/07/26 15:03:26,-1.025,0.05,0.05,0,92.9,92.9,,,,,
2723,08/07/26 15:03:27,-1,0.1,-0.075,0,95.7,85.7,,,,,
2724,08/07/26 15:03:28,-1.05,0.125,-0.1,0,97.2,84.3,,,,,
2725,08/07/26 15:03:29,-1,0.125,-0.125,0,97.2,82.8,,,,,
2726,08/07/26 15:03:30,-1.025,0.2,-0.025,0,101.5,88.6,,,,,
2727,08/07/26 15:03:31,-1.025,-0.025,-0.1,0,88.6,84.3,,,,,
2728,08/07/26 15:03:32,-1.075,0.05,-0.025,0,92.9,88.6,,,,,
2729,08/07/26 15:03:33,-0.875,-0.15,-0.15,29,81.4,81.4,,,,,
2730,08/07/26 15:03:34,-1.1,0.225,-0.1,0,103,84.3,,,,,
2731,08/07/26 15:03:35,-0.975,0.1,-0.1,12.8,95.7,84.3,,,,,
2732,08/07/26 15:03:36,-1.075,0.125,-0.025,0,97.2,88.6,,,,,
2733,08/07/26 15:03:37,-1.025,0.275,0,0,106,90,,,,,
2734,08/07/26 15:03:38,-1.05,0.075,-0.15,0,94.3,81.4,,,,,
2735,08/07/26 15:03:39,-0.975,-0.05,-0.05,12.8,87.1,87.1,,,,,
2736,08/07/26 15:03:40,-1.025,0.175,-0.15,0,100.1,81.4,,,,,
2737,08/07/26 15:03:41,-1.075,0.075,-0.1,0,94.3,84.3,,,,,
2738,08/07/26 15:03:42,-1,0.15,-0.1,0,98.6,84.3,,,,,
2739,08/07/26 15:03:43,-1.025,0.125,-0.075,0,97.2,85.7,,,,,
2740,08/07/26 15:03:44,-1.05,0.2,0,0,101.5,90,,,,,
2741,08/07/26 15:03:45,-0.975,0.225,-0.1,12.8,103,84.3,,,,,
2742,08/07/26 15:03:46,-1.05,0.175,-0.1,0,100.1,84.3,,,,,
2743,08/07/26 15:03:47,-1,0.075,-0.025,0,94.3,88.6,,,,,
2744,08/07/26 15:03:48,-1.025,-0.075,0,0,85.7,90,,,,,
2745,08/07/26 15:03:49,-0.825,0,-0.075,34.4,90,85.7,,,,,
2746,08/07/26 15:03:50,-1.05,0.15,-0.075,0,98.6,85.7,,,,,
2747,08/07/26 15:03:51,-1.075,0.3,-0.2,0,107.5,78.5,,,,,
2748,08/07/26 15:03:52,-1,0.225,-0.125,0,103,82.8,,,,,
2749,08/07/26 15:03:53,-1.025,0.1,-0.125,0,95.7,82.8,,,,,
2750,08/07/26 15:03:54,-1.025,0.025,-0.1,0,91.4,84.3,,,,,
2751,08/07/26 15:03:55,-0.8,0.225,0.025,36.9,103,91.4,,,,,
2752,08/07/26 15:03:56,-0.7,0.6,-0.175,45.6,126.9,79.9,,,,,
2753,08/07/26 15:03:57,-0.925,0.375,0.075,22.3,112,94.3,,,,,
2754,08/07/26 15:03:58,-0.975,-0.075,0.075,12.8,85.7,94.3,,,,,
2755,08/07/26 15:03:59,-1.125,0.125,0.075,0,97.2,94.3,,,,,
2756,08/07/26 15:04:00,-1.075,-0.05,0,0,87.1,90,,,,,
2757,08/07/26 15:04:01,-0.975,0.175,0.025,12.8,100.1,91.4,,,,,
2758,08/07/26 15:04:02,-1.075,0.025,0.025,0,91.4,91.4,,,,,
2759,08/07/26 15:04:03,-1.075,0.1,0.225,0,95.7,103,,,,,
2760,08/07/26 15:04:04,-1.1,0.075,0.025,0,94.3,91.4,,,,,
2761,08/07/26 15:04:05,-1.05,0.1,0.05,0,95.7,92.9,,,,,
2762,08/07/26 15:04:06,-0.975,0.175,0.05,12.8,100.1,92.9,,,,,
2763,08/07/26 15:04:07,-1.075,-0.1,0.05,0,84.3,92.9,,,,,
2764,08/07/26 15:04:08,-1.05,-0.075,-0.025,0,85.7,88.6,,,,,
2765,08/07/26 15:04:09,-1.05,-0.075,-0.05,0,85.7,87.1,,,,,
2766,08/07/26 15:04:10,-1.025,0.1,-0.075,0,95.7,85.7,,,,,
2767,08/07/26 15:04:11,-1,0.025,-0.1,0,91.4,84.3,,,,,
2768,08/07/26 15:04:12,-1.05,0.175,-0.075,0,100.1,85.7,,,,,
2769,08/07/26 15:04:13,-1.05,0.125,-0.175,0,97.2,79.9,,,,,
2770,08/07/26 15:04:14,-0.95,0.075,-0.125,18.2,94.3,82.8,,,,,
2771,08/07/26 15:04:15,-1.05,0.025,-0.075,0,91.4,85.7,,,,,
2772,08/07/26 15:04:16,-1,-0.2,0,0,78.5,90,,,,,
2773,08/07/26 15:04:17,-1.05,0.1,-0.05,0,95.7,87.1,,,,,
2774,08/07/26 15:04:18,-1.05,-0.275,-0.075,0,74,85.7,,,,,
2775,08/07/26 15:04:19,-1.025,0.025,-0.125,0,91.4,82.8,,,,,
2776,08/07/26 15:04:20,-1,-0.125,-0.1,0,82.8,84.3,,,,,
2777,08/07/26 15:04:21,-1.025,-0.025,-0.075,0,88.6,85.7,,,,,
2778,08/07/26 15:04:22,-1.05,0.175,-0.2,0,100.1,78.5,,,,,
2779,08/07/26 15:04:23,-1.025,0.05,-0.125,0,92.9,82.8,,,,,
2780,08/07/26 15:04:24,-1.075,-0.125,-0.075,0,82.8,85.7,,,,,
2781,08/07/26 15:04:25,-1.025,-0.075,-0.1,0,85.7,84.3,,,,,
2782,08/07/26 15:04:26,-1.05,0.1,-0.125,0,95.7,82.8,,,,,
2783,08/07/26 15:04:27,-1,0.225,-0.125,0,103,82.8,,,,,
2784,08/07/26 15:04:28,-1.025,-0.225,-0.1,0,77,84.3,,,,,
2785,08/07/26 15:04:29,-1,0.25,-0.15,0,104.5,81.4,,,,,
2786,08/07/26 15:04:30,-1.05,-0.125,-0.125,0,82.8,82.8,,,,,
2787,08/07/26 15:04:31,-1.025,0.1,-0.125,0,95.7,82.8,,,,,
2788,08/07/26 15:04:32,-1.05,-0.225,-0.175,0,77,79.9,,,,,
2789,08/07/26 15:04:33,-1.075,0.075,-0.075,0,94.3,85.7,,,,,
2790,08/07/26 15:04:34,-1.075,0.05,-0.2,0,92.9,78.5,,,,,
2791,08/07/26 15:04:35,-1.05,0.125,-0.1,0,97.2,84.3,,,,,
2792,08/07/26 15:04:36,-1.025,0.175,-0.125,0,100.1,82.8,,,,,
2793,08/07/26 15:04:37,-1,0.125,-0.2,0,97.2,78.5,,,,,
2794,08/07/26 15:04:38,-0.975,0.05,-0.225,12.8,92.9,77,,,,,
2795,08/07/26 15:04:39,-1.05,0.15,-0.2,0,98.6,78.5,,,,,
2796,08/07/26 15:04:40,-0.75,-0.125,0.075,41.4,82.8,94.3,,,,,
2797,08/07/26 15:04:41,-1.05,0.225,-0.1,0,103,84.3,,,,,
2798,08/07/26 15:04:42,-1,-0.125,-0.125,0,82.8,82.8,,,,,
2799,08/07/26 15:04:43,-0.975,0.1,-0.225,12.8,95.7,77,,,,,
2800,08/07/26 15:04:44,-1.025,-0.05,-0.225,0,87.1,77,,,,,
2801,08/07/26 15:04:45,-1.025,0.075,-0.2,0,94.3,78.5,,,,,
2802,08/07/26 15:04:46,-1.025,0.05,-0.125,0,92.9,82.8,,,,,
2803,08/07/26 15:04:47,-0.975,0.1,-0.15,12.8,95.7,81.4,,,,,
2804,08/07/26 15:04:48,-1.05,0.025,-0.175,0,91.4,79.9,,,,,
2805,08/07/26 15:04:49,-1.05,0.075,-0.125,0,94.3,82.8,,,,,
2806,08/07/26 15:04:50,-1,0.125,-0.175,0,97.2,79.9,,,,,
2807,08/07/26 15:04:51,-1.025,0.075,-0.2,0,94.3,78.5,,,,,
2808,08/07/26 15:04:52,-1.05,0.1,-0.175,0,95.7,79.9,,,,,
2809,08/07/26 15:04:53,-1.025,0.1,-0.125,0,95.7,82.8,,,,,
2810,08/07/26 15:04:54,-1.05,0.125,-0.15,0,97.2,81.4,,,,,
2811,08/07/26 15:04:55,-1.025,0.1,-0.175,0,95.7,79.9,,,,,
2812,08/07/26 15:04:56,-1,0.1,-0.15,0,95.7,81.4,,,,,
2813,08/07/26 15:04:57,-0.975,0.2,-0.15,12.8,101.5,81.4,,,,,
2814,08/07/26 15:04:58,-1.025,0.075,-0.175,0,94.3,79.9,,,,,
2815,08/07/26 15:04:59,-1.025,0.15,-0.175,0,98.6,79.9,,,,,
2816,08/07/26 15:05:00,-1,0.1,-0.175,0,95.7,79.9,,,,,
2817,08/07/26 15:05:01,-1,0.075,-0.175,0,94.3,79.9,,,,,
2818,08/07/26 15:05:02,-1,0.175,-0.25,0,100.1,75.5,,,,,
2819,08/07/26 15:05:03,-1,-0.05,-0.25,0,87.1,75.5,,,,,
2820,08/07/26 15:05:04,-0.95,0.125,-0.15,18.2,97.2,81.4,,,,,
2821,08/07/26 15:05:05,-1.025,0.15,-0.225,0,98.6,77,,,,,
2822,08/07/26 15:05:06,-1,0.175,-0.125,0,100.1,82.8,,,,,
2823,08/07/26 15:05:07,-1.025,0.15,-0.175,0,98.6,79.9,,,,,
2824,08/07/26 15:05:08,-1.025,0.125,-0.225,0,97.2,77,,,,,
2825,08/07/26 15:05:09,-0.95,0.15,-0.2,18.2,98.6,78.5,,,,,
2826,08/07/26 15:05:10,-1.025,0.125,-0.175,0,97.2,79.9,,,,,
2827,08/07/26 15:05:11,-1.025,0.1,-0.225,0,95.7,77,,,,,
2828,08/07/26 15:05:12,-1,0.125,-0.225,0,97.2,77,,,,,
2829,08/07/26 15:05:13,-0.975,0.1,-0.225,12.8,95.7,77,,,,,
2830,08/07/26 15:05:14,-0.975,0.05,-0.25,12.8,92.9,75.5,,,,,
2831,08/07/26 15:05:15,-0.95,0.15,-0.3,18.2,98.6,72.5,,,,,
2832,08/07/26 15:05:16,-1,0.25,-0.175,0,104.5,79.9,,,,,
2833,08/07/26 15:05:17,-0.925,-0.325,-0.225,22.3,71,77,,,,,
2834,08/07/26 15:05:18,-1,0.175,-0.225,0,100.1,77,,,,,
2835,08/07/26 15:05:19,-0.95,0.075,-0.225,18.2,94.3,77,,,,,
2836,08/07/26 15:05:20,-0.975,-0.25,-0.225,12.8,75.5,77,,,,,
2837,08/07/26 15:05:21,-0.975,0.35,-0.35,12.8,110.5,69.5,,,,,
2838,08/07/26 15:05:22,-0.8,-0.3,-0.25,36.9,72.5,75.5,,,,,
2839,08/07/26 15:05:23,-1,0.25,-0.225,0,104.5,77,,,,,
2840,08/07/26 15:05:24,-1,-0.2,-0.225,0,78.5,77,,,,,
2841,08/07/26 15:05:25,-1.025,-0.2,-0.225,0,78.5,77,,,,,
2842,08/07/26 15:05:26,-1,0.2,-0.25,0,101.5,75.5,,,,,
2843,08/07/26 15:05:27,-1,0.1,-0.175,0,95.7,79.9,,,,,
2844,08/07/26 15:05:28,-0.9,-0.175,-0.225,25.8,79.9,77,,,,,
2845,08/07/26 15:05:29,-1.025,0.1,-0.15,0,95.7,81.4,,,,,
2846,08/07/26 15:05:30,-1.025,-0.175,-0.2,0,79.9,78.5,,,,,
2847,08/07/26 15:05:31,-1,-0.125,-0.175,0,82.8,79.9,,,,,
2848,08/07/26 15:05:32,-0.95,0.25,-0.25,18.2,104.5,75.5,,,,,
2849,08/07/26 15:05:33,-1,-0.375,-0.125,0,68,82.8,,,,,
2850,08/07/26 15:05:34,-0.9,0.25,-0.2,25.8,104.5,78.5,,,,,
2851,08/07/26 15:05:35,-0.95,-0.4,-0.2,18.2,66.4,78.5,,,,,
2852,08/07/26 15:05:36,-1,-0.375,-0.2,0,68,78.5,,,,,
2853,08/07/26 15:05:37,-1,0.175,-0.175,0,100.1,79.9,,,,,
2854,08/07/26 15:05:38,-0.95,-0.275,-0.225,18.2,74,77,,,,,
2855,08/07/26 15:05:39,-1,-0.075,-0.275,0,85.7,74,,,,,
2856,08/07/26 15:05:40,-1.025,0.225,-0.175,0,103,79.9,,,,,
2857,08/07/26 15:05:41,-0.95,-0.125,-0.2,18.2,82.8,78.5,,,,,
2858,08/07/26 15:05:42,-1.025,0.15,-0.175,0,98.6,79.9,,,,,
2859,08/07/26 15:05:43,-0.975,0.125,-0.225,12.8,97.2,77,,,,,
2860,08/07/26 15:05:44,-0.975,0.175,-0.225,12.8,100.1,77,,,,,
2861,08/07/26 15:05:45,-1,0.15,-0.175,0,98.6,79.9,,,,,
2862,08/07/26 15:05:46,-1,0.125,-0.225,0,97.2,77,,,,,
2863,08/07/26 15:05:47,-1.025,0.2,-0.175,0,101.5,79.9,,,,,
2864,08/07/26 15:05:48,-0.975,-0.075,-0.225,12.8,85.7,77,,,,,
2865,08/07/26 15:05:49,-0.9,0.15,-0.225,25.8,98.6,77,,,,,
2866,08/07/26 15:05:50,-0.9,-0.3,-0.225,25.8,72.5,77,,,,,
2867,08/07/26 15:05:51,-1,0.3,-0.15,0,107.5,81.4,,,,,
2868,08/07/26 15:05:52,-1.05,-0.5,0,0,60,90,,,,,
2869,08/07/26 15:05:53,-0.975,-0.1,-0.175,12.8,84.3,79.9,,,,,
2870,08/07/26 15:05:54,-1.05,0.15,-0.175,0,98.6,79.9,,,,,
2871,08/07/26 15:05:55,-1.025,0.175,-0.275,0,100.1,74,,,,,
2872,08/07/26 15:05:56,-1,0.15,-0.2,0,98.6,78.5,,,,,
2873,08/07/26 15:05:57,-0.975,0.075,-0.175,12.8,94.3,79.9,,,,,
2874,08/07/26 15:05:58,-1.125,0.125,-0.125,0,97.2,82.8,,,,,
2875,08/07/26 15:05:59,-1.05,0.1,-0.175,0,95.7,79.9,,,,,
2876,08/07/26 15:06:00,-1.05,0.225,-0.225,0,103,77,,,,,
2877,08/07/26 15:06:01,-1.225,0.025,-0.15,0,91.4,81.4,,,,,
2878,08/07/26 15:06:02,-0.925,0.125,-0.175,22.3,97.2,79.9,,,,,
2879,08/07/26 15:06:03,-1.025,0.25,-0.25,0,104.5,75.5,,,,,
2880,08/07/26 15:06:04,-1.1,-0.05,-0.125,0,87.1,82.8,,,,,
2881,08/07/26 15:06:05,-0.8,0.125,-0.275,36.9,97.2,74,,,,,
2882,08/07/26 15:06:06,-0.95,0.2,-0.35,18.2,101.5,69.5,,,,,
2883,08/07/26 15:06:07,-0.875,0.075,-0.225,29,94.3,77,,,,,
2884,08/07/26 15:06:08,-1.075,-0.025,-0.225,0,88.6,77,,,,,
2885,08/07/26 15:06:09,-0.8,0.175,-0.3,36.9,100.1,72.5,,,,,
2886,08/07/26 15:06:10,-0.8,0.075,-0.225,36.9,94.3,77,,,,,
2887,08/07/26 15:06:11,-0.975,0.125,-0.35,12.8,97.2,69.5,,,,,
2888,08/07/26 15:06:12,-0.825,0.175,-0.2,34.4,100.1,78.5,,,,,
2889,08/07/26 15:06:13,-1.075,0.175,-0.25,0,100.1,75.5,,,,,
2890,08/07/26 15:06:14,-1.125,-0.125,-0.325,0,82.8,71,,,,,
2891,08/07/26 15:06:15,-1.175,0.225,-0.225,0,103,77,,,,,
2892,08/07/26 15:06:16,-0.525,0.1,-0.3,58.3,95.7,72.5,,,,,
2893,08/07/26 15:06:17,-0.55,0.1,-0.275,56.6,95.7,74,,,,,
2894,08/07/26 15:06:18,-0.825,-0.15,-0.15,34.4,81.4,81.4,,,,,
2895,08/07/26 15:06:19,-1.2,0.4,0.025,0,113.6,91.4,,,,,
2896,08/07/26 15:06:20,-1.325,-0.175,0.125,0,79.9,97.2,,,,,
2897,08/07/26 15:06:21,-0.8,0.225,-0.275,36.9,103,74,,,,,
2898,08/07/26 15:06:22,-0.925,-0.175,-0.275,22.3,79.9,74,,,,,
2899,08/07/26 15:06:23,-1.125,0.1,-0.175,0,95.7,79.9,,,,,
2900,08/07/26 15:06:24,-0.975,0.225,-0.25,12.8,103,75.5,,,,,
2901,08/07/26 15:06:25,-1.05,0.025,-0.2,0,91.4,78.5,,,,,
2902,08/07/26 15:06:26,-1.125,0.225,-0.15,0,103,81.4,,,,,
2903,08/07/26 15:06:27,-1.025,0.125,-0.275,0,97.2,74,,,,,
2904,08/07/26 15:06:28,-1,-0.025,-0.3,0,88.6,72.5,,,,,
2905,08/07/26 15:06:29,-1.1,0.175,-0.1,0,100.1,84.3,,,,,
2906,08/07/26 15:06:30,-1.025,-0.325,-0.05,0,71,87.1,,,,,
2907,08/07/26 15:06:31,-1.375,0.325,-0.2,0,109,78.5,,,,,
2908,08/07/26 15:06:32,-0.9,-0.3,-0.075,25.8,72.5,85.7,,,,,
2909,08/07/26 15:06:33,-1.15,0.325,-0.175,0,109,79.9,,,,,
2910,08/07/26 15:06:34,-0.8,-0.225,-0.15,36.9,77,81.4,,,,,
2911,08/07/26 15:06:35,-1.025,0.25,-0.4,0,104.5,66.4,,,,,
2912,08/07/26 15:06:36,-0.875,0.15,-0.2,29,98.6,78.5,,,,,
2913,08/07/26 15:06:37,-1.125,0.225,-0.275,0,103,74,,,,,
2914,08/07/26 15:06:38,-0.85,0.05,-0.375,31.8,92.9,68,,,,,
2915,08/07/26 15:06:39,-0.975,0.2,-0.25,12.8,101.5,75.5,,,,,
2916,08/07/26 15:06:40,-1.4,0.2,-0.075,0,101.5,85.7,,,,,
2917,08/07/26 15:06:41,-0.95,0.275,-0.1,18.2,106,84.3,,,,,
2918,08/07/26 15:06:42,-0.7,0.025,-0.375,45.6,91.4,68,,,,,
2919,08/07/26 15:06:43,-1.75,0.05,1,0,92.9,180,,,,,
2920,08/07/26 15:06:44,-1.05,0.1,-0.225,0,95.7,77,,,,,
2921,08/07/26 15:06:45,-1.575,0.125,-0.9,0,97.2,25.8,,,,,
2922,08/07/26 15:06:46,-1.125,0.35,-0.225,0,110.5,77,,,,,
2923,08/07/26 15:06:47,-1.225,-0.05,-0.075,0,87.1,85.7,,,,,
2924,08/07/26 15:06:48,-1.075,-0.075,-0.55,0,85.7,56.6,,,,,
2925,08/07/26 15:06:49,-1.25,-0.15,-0.025,0,81.4,88.6,,,,,
2926,08/07/26 15:06:50,-0.975,-0.075,-1.7,12.8,85.7,0,,,,,
2927,08/07/26 15:06:51,-1.025,-0.35,-0.65,0,69.5,49.5,,,,,
2928,08/07/26 15:06:52,-1.25,-0.225,0.425,0,77,115.2,,,,,
2929,08/07/26 15:06:53,-0.75,-0.65,-0.175,41.4,49.5,79.9,,,,,
2930,08/07/26 15:06:54,-1.375,-0.85,-0.65,0,31.8,49.5,,,,,
2931,08/07/26 15:06:55,-0.825,-0.35,-0.275,34.4,69.5,74,,,,,
2932,08/07/26 15:06:56,-0.8,-0.025,-0.3,36.9,88.6,72.5,,,,,
2933,08/07/26 15:06:57,-0.85,-0.125,-0.4,31.8,82.8,66.4,,,,,
2934,08/07/26 15:06:58,-1.15,-0.25,0.325,0,75.5,109,,,,,
2935,08/07/26 15:06:59,-0.75,-0.525,0.2,41.4,58.3,101.5,,,,,
2936,08/07/26 15:07:00,-1.1,-1.1,0.625,0,0,128.7,,,,,
2937,08/07/26 15:07:01,-0.85,-0.825,-0.125,31.8,34.4,82.8,,,,,
2938,08/07/26 15:07:02,-0.525,-0.7,-0.125,58.3,45.6,82.8,,,,,
2939,08/07/26 15:07:03,-0.6,-0.725,-0.275,53.1,43.5,74,,,,,
2940,08/07/26 15:07:04,-0.6,-0.625,-0.15,53.1,51.3,81.4,,,,,
2941,08/07/26 15:07:05,-0.85,-0.8,-0.2,31.8,36.9,78.5,,,,,
2942,08/07/26 15:07:06,-0.675,-0.65,-0.15,47.5,49.5,81.4,,,,,
2943,08/07/26 15:07:07,-0.55,-0.75,-0.2,56.6,41.4,78.5,,,,,
2944,08/07/26 15:07:08,-0.8,-0.65,-0.075,36.9,49.5,85.7,,,,,
2945,08/07/26 15:07:09,-0.7,-0.8,0.05,45.6,36.9,92.9,,,,,
2946,08/07/26 15:07:10,-0.8,-0.8,-0.1,36.9,36.9,84.3,,,,,
2947,08/07/26 15:07:11,-0.925,-0.9,0.125,22.3,25.8,97.2,,,,,
2948,08/07/26 15:07:12,-0.9,-0.6,0.1,25.8,53.1,95.7,,,,,
2949,08/07/26 15:07:13,-0.6,-0.725,-0.25,53.1,43.5,75.5,,,,,
2950,08/07/26 15:07:14,-0.65,-0.8,-0.2,49.5,36.9,78.5,,,,,
2951,08/07/26 15:07:15,-0.5,-0.85,-0.075,60,31.8,85.7,,,,,
2952,08/07/26 15:07:16,-0.65,-0.7,-0.175,49.5,45.6,79.9,,,,,
2953,08/07/26 15:07:17,-0.5,-0.65,0.025,60,49.5,91.4,,,,,
2954,08/07/26 15:07:18,-0.525,-0.775,-0.225,58.3,39.2,77,,,,,
2955,08/07/26 15:07:19,-0.575,-0.825,-0.075,54.9,34.4,85.7,,,,,
2956,08/07/26 15:07:20,-0.55,-0.8,-0.2,56.6,36.9,78.5,,,,,
2957,08/07/26 15:07:21,-0.425,-0.775,-0.025,64.8,39.2,88.6,,,,,
2958,08/07/26 15:07:22,-0.625,-0.7,-0.125,51.3,45.6,82.8,,,,,
2959,08/07/26 15:07:23,-0.75,-1.025,-0.05,41.4,0,87.1,,,,,
2960,08/07/26 15:07:24,-0.825,-0.775,0.25,34.4,39.2,104.5,,,,,
2961,08/07/26 15:07:25,-1.125,-0.9,0.025,0,25.8,91.4,,,,,
2962,08/07/26 15:07:26,-0.575,-0.925,-0.15,54.9,22.3,81.4,,,,,
2963,08/07/26 15:07:27,-0.725,-0.775,-0.1,43.5,39.2,84.3,,,,,
2964,08/07/26 15:07:28,-0.7,-0.825,-0.15,45.6,34.4,81.4,,,,,
2965,08/07/26 15:07:29,-0.525,-0.55,-0.125,58.3,56.6,82.8,,,,,
2966,08/07/26 15:07:30,-0.7,-0.875,-0.125,45.6,29,82.8,,,,,
2967,08/07/26 15:07:31,-0.675,-0.8,-0.15,47.5,36.9,81.4,,,,,
2968,08/07/26 15:07:32,-0.375,-0.725,-0.225,68,43.5,77,,,,,
2969,08/07/26 15:07:33,-0.65,-0.875,-0.075,49.5,29,85.7,,,,,
2970,08/07/26 15:07:34,-0.7,-0.75,-0.2,45.6,41.4,78.5,,,,,
2971,08/07/26 15:07:35,-0.475,-1.225,-0.375,61.6,0,68,,,,,
2972,08/07/26 15:07:36,-0.85,-0.875,-0.175,31.8,29,79.9,,,,,
2973,08/07/26 15:07:37,-0.625,-1.025,0.225,51.3,0,103,,,,,
2974,08/07/26 15:07:38,-0.425,-0.875,0.25,64.8,29,104.5,,,,,
2975,08/07/26 15:07:39,-0.075,-1,0.35,85.7,0,110.5,,,,,
2976,08/07/26 15:07:40,-0.275,-1.025,0.35,74,0,110.5,,,,,
2977,08/07/26 15:07:41,-0.125,-1.025,0.2,82.8,0,101.5,,,,,
2978,08/07/26 15:07:42,0.025,-0.95,0.325,91.4,18.2,109,,,,,
2979,08/07/26 15:07:43,0,-1,0.425,90,0,115.2,,,,,
2980,08/07/26 15:07:44,0.025,-0.9,0.55,91.4,25.8,123.4,,,,,
2981,08/07/26 15:07:45,0,-1.1,0.25,90,0,104.5,,,,,
2982,08/07/26 15:07:46,-0.125,-1.05,0.3,82.8,0,107.5,,,,,
2983,08/07/26 15:07:47,-0.075,-1.075,0.3,85.7,0,107.5,,,,,
2984,08/07/26 15:07:48,-0.2,-1,0.375,78.5,0,112,,,,,
2985,08/07/26 15:07:49,0.025,-1.025,0.35,91.4,0,110.5,,,,,
2986,08/07/26 15:07:50,-0.075,-1.025,0.4,85.7,0,113.6,,,,,
2987,08/07/26 15:07:51,-0.075,-1.025,0.4,85.7,0,113.6,,,,,
2988,08/07/26 15:07:52,-0.175,-1.025,0.25,79.9,0,104.5,,,,,
2989,08/07/26 15:07:53,-0.1,-1.1,0.25,84.3,0,104.5,,,,,
2990,08/07/26 15:07:54,-0.175,-1.075,0.275,79.9,0,106,,,,,
2991,08/07/26 15:07:55,-0.025,-1,0.5,88.6,0,120,,,,,
2992,08/07/26 15:07:56,-0.25,-1.025,0.35,75.5,0,110.5,,,,,
2993,08/07/26 15:07:57,-0.15,-1.075,0.4,81.4,0,113.6,,,,,
2994,08/07/26 15:07:58,-0.3,-1.025,0.4,72.5,0,113.6,,,,,
2995,08/07/26 15:07:59,-0.4,-1.025,0.175,66.4,0,100.1,,,,,
2996,08/07/26 15:08:00,0.075,-1.075,0.3,94.3,0,107.5,,,,,
2997,08/07/26 15:08:01,-0.325,-0.975,0.175,71,12.8,100.1,,,,,
2998,08/07/26 15:08:02,-0.275,-1.075,0.25,74,0,104.5,,,,,
2999,08/07/26 15:08:03,-0.425,-1.1,0.15,64.8,0,98.6,,,,,
3000,08/07/26 15:08:04,-0.4,-1.025,0.25,66.4,0,104.5,,,,,
3001,08/07/26 15:08:05,-0.4,-1.025,0.25,66.4,0,104.5,,,,,
3002,08/07/26 15:08:06,-0.3,-0.9,0.2,72.5,25.8,101.5,,,,,
3003,08/07/26 15:08:07,-0.075,-0.95,0.125,85.7,18.2,97.2,,,,,
3004,08/07/26 15:08:08,-0.525,-0.9,0.2,58.3,25.8,101.5,,,,,
3005,08/07/26 15:08:09,-0.475,-1.075,0.05,61.6,0,92.9,,,,,
3006,08/07/26 15:08:10,-0.575,-1,0.05,54.9,0,92.9,,,,,
3007,08/07/26 15:08:11,-0.75,-1.075,-0.125,41.4,0,82.8,,,,,
3008,08/07/26 15:08:12,-0.85,-0.9,0.025,31.8,25.8,91.4,,,,,
3009,08/07/26 15:08:13,-0.45,-0.975,0.15,63.3,12.8,98.6,,,,,
3010,08/07/26 15:08:14,-0.4,-0.85,-0.075,66.4,31.8,85.7,,,,,
3011,08/07/26 15:08:15,-0.675,-0.875,0.275,47.5,29,106,,,,,
3012,08/07/26 15:08:16,-0.375,-0.925,-0.1,68,22.3,84.3,,,,,
3013,08/07/26 15:08:17,-0.35,-0.775,-0.175,69.5,39.2,79.9,,,,,
3014,08/07/26 15:08:18,-0.4,-0.9,-0.075,66.4,25.8,85.7,,,,,
3015,08/07/26 15:08:19,-0.475,-0.775,-0.025,61.6,39.2,88.6,,,,,
3016,08/07/26 15:08:20,-0.55,-0.875,-0.15,56.6,29,81.4,,,,,
3017,08/07/26 15:08:21,-0.525,-0.85,-0.175,58.3,31.8,79.9,,,,,
3018,08/07/26 15:08:22,-0.625,-0.825,0,51.3,34.4,90,,,,,
3019,08/07/26 15:08:23,-0.575,-0.85,-0.05,54.9,31.8,87.1,,,,,
3020,08/07/26 15:08:24,-0.8,-0.925,0.125,36.9,22.3,97.2,,,,,
3021,08/07/26 15:08:25,-0.725,-0.825,-0.075,43.5,34.4,85.7,,,,,
3022,08/07/26 15:08:26,-0.8,-0.9,0,36.9,25.8,90,,,,,
3023,08/07/26 15:08:27,-0.625,-1.025,0.025,51.3,0,91.4,,,,,
3024,08/07/26 15:08:28,-0.575,-0.95,0,54.9,18.2,90,,,,,
3025,08/07/26 15:08:29,-0.675,-0.85,0.025,47.5,31.8,91.4,,,,,
3026,08/07/26 15:08:30,-0.875,-0.8,-0.05,29,36.9,87.1,,,,,
3027,08/07/26 15:08:31,-0.85,-0.825,0.175,31.8,34.4,100.1,,,,,
3028,08/07/26 15:08:32,-0.575,-0.75,-0.275,54.9,41.4,74,,,,,
3029,08/07/26 15:08:33,-1.025,-1.4,0.125,0,0,97.2,,,,,
3030,08/07/26 15:08:34,-0.6,-0.8,-0.15,53.1,36.9,81.4,,,,,
3031,08/07/26 15:08:35,-0.75,-0.975,0.05,41.4,12.8,92.9,,,,,
3032,08/07/26 15:08:36,-0.725,-0.825,-0.175,43.5,34.4,79.9,,,,,
3033,08/07/26 15:08:37,-0.625,-0.925,-0.025,51.3,22.3,88.6,,,,,
3034,08/07/26 15:08:38,-0.9,-0.875,0.125,25.8,29,97.2,,,,,
3035,08/07/26 15:08:39,-0.7,-1.15,-0.225,45.6,0,77,,,,,
3036,08/07/26 15:08:40,-0.9,-0.9,-0.175,25.8,25.8,79.9,,,,,
3037,08/07/26 15:08:41,-0.575,-1.05,-0.175,54.9,0,79.9,,,,,
3038,08/07/26 15:08:42,-0.9,-0.7,0.125,25.8,45.6,97.2,,,,,
3039,08/07/26 15:08:43,-0.8,-0.875,-0.075,36.9,29,85.7,,,,,
3040,08/07/26 15:08:44,-0.75,-0.95,0.275,41.4,18.2,106,,,,,
3041,08/07/26 15:08:45,-0.75,-0.85,-0.125,41.4,31.8,82.8,,,,,
3042,08/07/26 15:08:46,-0.625,-0.775,-0.025,51.3,39.2,88.6,,,,,
3043,08/07/26 15:08:47,-0.875,-0.8,-0.1,29,36.9,84.3,,,,,
3044,08/07/26 15:08:48,-0.9,-0.9,-0.15,25.8,25.8,81.4,,,,,
3045,08/07/26 15:08:49,-0.75,-0.8,-0.125,41.4,36.9,82.8,,,,,
3046,08/07/26 15:08:50,-0.675,-0.975,-0.15,47.5,12.8,81.4,,,,,
3047,08/07/26 15:08:51,-0.75,-0.95,-0.225,41.4,18.2,77,,,,,
3048,08/07/26 15:08:52,-0.625,-0.95,-0.075,51.3,18.2,85.7,,,,,
3049,08/07/26 15:08:53,-0.75,-0.85,-0.025,41.4,31.8,88.6,,,,,
3050,08/07/26 15:08:54,-0.9,-2.225,-1.5,25.8,0,0,,,,,
3051,08/07/26 15:08:55,-0.7,-0.875,-0.2,45.6,29,78.5,,,,,
3052,08/07/26 15:08:56,-0.3,-0.75,-0.25,72.5,41.4,75.5,,,,,
3053,08/07/26 15:08:57,-0.5,-0.775,-0.175,60,39.2,79.9,,,,,
3054,08/07/26 15:08:58,-0.35,-0.9,-0.075,69.5,25.8,85.7,,,,,
3055,08/07/26 15:08:59,-0.775,-0.825,-0.175,39.2,34.4,79.9,,,,,
3056,08/07/26 15:09:00,-0.625,-0.95,0.2,51.3,18.2,101.5,,,,,
3057,08/07/26 15:09:01,-0.775,-0.85,0.075,39.2,31.8,94.3,,,,,
3058,08/07/26 15:09:02,-0.55,-1.075,-0.125,56.6,0,82.8,,,,,
3059,08/07/26 15:09:03,-0.35,-0.825,-0.2,69.5,34.4,78.5,,,,,
3060,08/07/26 15:09:04,-1.125,-1.025,-0.2,0,0,78.5,,,,,
3061,08/07/26 15:09:05,-1.05,-0.925,-0.025,0,22.3,88.6,,,,,
3062,08/07/26 15:09:06,-0.8,-0.975,-0.075,36.9,12.8,85.7,,,,,
3063,08/07/26 15:09:07,-0.825,-0.9,-0.1,34.4,25.8,84.3,,,,,
3064,08/07/26 15:09:08,-0.325,-0.875,-0.175,71,29,79.9,,,,,
3065,08/07/26 15:09:09,-0.575,-0.775,-0.025,54.9,39.2,88.6,,,,,
3066,08/07/26 15:09:10,-0.775,-0.85,0.025,39.2,31.8,91.4,,,,,
3067,08/07/26 15:09:11,-0.9,-1.85,-0.5,25.8,0,60,,,,,
3068,08/07/26 15:09:12,-1.125,-1.6,-0.225,0,0,77,,,,,
3069,08/07/26 15:09:13,-0.725,-1.175,-0.125,43.5,0,82.8,,,,,
3070,08/07/26 15:09:14,-0.4,-0.775,0,66.4,39.2,90,,,,,
3071,08/07/26 15:09:15,-0.775,-0.85,0.225,39.2,31.8,103,,,,,
3072,08/07/26 15:09:16,-0.6,-0.9,-0.15,53.1,25.8,81.4,,,,,
3073,08/07/26 15:09:17,-0.35,-0.6,0.075,69.5,53.1,94.3,,,,,
3074,08/07/26 15:09:18,-0.175,-0.95,-0.025,79.9,18.2,88.6,,,,,
3075,08/07/26 15:09:19,-0.2,-1.225,0,78.5,0,90,,,,,
3076,08/07/26 15:09:20,-1,-1.4,0.175,0,0,100.1,,,,,
3077,08/07/26 15:09:21,-0.475,-0.875,0.05,61.6,29,92.9,,,,,
3078,08/07/26 15:09:22,-0.175,-0.95,-0.325,79.9,18.2,71,,,,,
3079,08/07/26 15:09:23,-0.5,-1,0.325,60,0,109,,,,,
3080,08/07/26 15:09:24,-0.4,-0.85,-0.025,66.4,31.8,88.6,,,,,
3081,08/07/26 15:09:25,-0.2,-0.875,0.175,78.5,29,100.1,,,,,
3082,08/07/26 15:09:26,-0.425,-0.575,0.575,64.8,54.9,125.1,,,,,
3083,08/07/26 15:09:27,-0.925,-0.775,0.2,22.3,39.2,101.5,,,,,
3084,08/07/26 15:09:28,-0.25,-0.6,0.575,75.5,53.1,125.1,,,,,
3085,08/07/26 15:09:29,-0.2,-0.85,-0.05,78.5,31.8,87.1,,,,,
3086,08/07/26 15:09:30,-0.2,-1,-0.175,78.5,0,79.9,,,,,
3087,08/07/26 15:09:31,-0.3,-1.075,-0.1,72.5,0,84.3,,,,,
3088,08/07/26 15:09:32,-0.35,-1.025,-0.175,69.5,0,79.9,,,,,
3089,08/07/26 15:09:33,-0.175,-0.675,-0.125,79.9,47.5,82.8,,,,,
3090,08/07/26 15:09:34,-0.2,-0.65,0.6,78.5,49.5,126.9,,,,,
3091,08/07/26 15:09:35,-0.35,-1.525,0.175,69.5,0,100.1,,,,,
3092,08/07/26 15:09:36,-0.375,-1.925,-0.575,68,0,54.9,,,,,
3093,08/07/26 15:09:37,-0.775,-0.975,0.4,39.2,12.8,113.6,,,,,
3094,08/07/26 15:09:38,-1.075,-1.875,0.075,0,0,94.3,,,,,
3095,08/07/26 15:09:39,-0.775,-0.925,0.275,39.2,22.3,106,,,,,
3096,08/07/26 15:09:40,-0.3,-0.9,0.1,72.5,25.8,95.7,,,,,
3097,08/07/26 15:09:41,-0.225,-0.975,0.25,77,12.8,104.5,,,,,
3098,08/07/26 15:09:42,-0.225,-0.975,-0.2,77,12.8,78.5,,,,,
3099,08/07/26 15:09:43,-0.15,-1,-0.1,81.4,0,84.3,,,,,
3100,08/07/26 15:09:44,-0.325,-0.825,-0.125,71,34.4,82.8,,,,,
3101,08/07/26 15:09:45,-0.25,-1.15,0.2,75.5,0,101.5,,,,,
3102,08/07/26 15:09:46,-0.4,-1.075,0.225,66.4,0,103,,,,,
3103,08/07/26 15:09:47,-0.325,-0.9,0.025,71,25.8,91.4,,,,,
3104,08/07/26 15:09:48,-0.225,-0.8,-0.075,77,36.9,85.7,,,,,
3105,08/07/26 15:09:49,-0.375,-0.625,0.175,68,51.3,100.1,,,,,
3106,08/07/26 15:09:50,-0.275,-0.875,-0.175,74,29,79.9,,,,,
3107,08/07/26 15:09:51,-0.075,-0.65,0.025,85.7,49.5,91.4,,,,,
3108,08/07/26 15:09:52,-0.65,-1.375,0.075,49.5,0,94.3,,,,,
3109,08/07/26 15:09:53,-0.55,-1.175,0.3,56.6,0,107.5,,,,,
3110,08/07/26 15:09:54,-0.525,-1.8,0,58.3,0,90,,,,,
3111,08/07/26 15:09:55,-0.625,-0.875,0.025,51.3,29,91.4,,,,,
3112,08/07/26 15:09:56,-0.525,-0.625,0.55,58.3,51.3,123.4,,,,,
3113,08/07/26 15:09:57,-0.45,-1.075,0.025,63.3,0,91.4,,,,,
3114,08/07/26 15:09:58,-0.275,-0.875,-0.025,74,29,88.6,,,,,
3115,08/07/26 15:09:59,-0.7,-0.7,0.175,45.6,45.6,100.1,,,,,
3116,08/07/26 15:10:00,-0.5,-0.75,0.2,60,41.4,101.5,,,,,
3117,08/07/26 15:10:01,-0.3,-0.925,-0.1,72.5,22.3,84.3,,,,,
3118,08/07/26 15:10:02,-0.425,-1.125,-0.025,64.8,0,88.6,,,,,
3119,08/07/26 15:10:03,-0.6,-1.35,-0.125,53.1,0,82.8,,,,,
3120,08/07/26 15:10:04,0,-0.725,-0.125,90,43.5,82.8,,,,,
3121,08/07/26 15:10:05,-0.375,-1.125,0.025,68,0,91.4,,,,,
3122,08/07/26 15:10:06,-0.15,-0.925,0.025,81.4,22.3,91.4,,,,,
3123,08/07/26 15:10:07,-0.4,-1.1,0.525,66.4,0,121.7,,,,,
3124,08/07/26 15:10:08,-0.1,-0.925,0.025,84.3,22.3,91.4,,,,,
3125,08/07/26 15:10:09,-0.6,-1.025,0.125,53.1,0,97.2,,,,,
3126,08/07/26 15:10:10,-0.575,-0.8,0.25,54.9,36.9,104.5,,,,,
3127,08/07/26 15:10:11,-0.05,-0.9,0.075,87.1,25.8,94.3,,,,,
3128,08/07/26 15:10:12,-0.525,-0.95,0,58.3,18.2,90,,,,,
3129,08/07/26 15:10:13,-0.3,-1.075,-0.025,72.5,0,88.6,,,,,
3130,08/07/26 15:10:14,-0.25,-0.7,0.3,75.5,45.6,107.5,,,,,
3131,08/07/26 15:10:15,-0.625,-1.15,0.025,51.3,0,91.4,,,,,
3132,08/07/26 15:10:16,-0.8,-1.025,0.05,36.9,0,92.9,,,,,
3133,08/07/26 15:10:17,-0.325,-0.75,0.075,71,41.4,94.3,,,,,
3134,08/07/26 15:10:18,-0.4,-1.025,0.025,66.4,0,91.4,,,,,
3135,08/07/26 15:10:19,-0.325,-0.8,-0.125,71,36.9,82.8,,,,,
3136,08/07/26 15:10:20,-0.675,-1.75,-0.25,47.5,0,75.5,,,,,
3137,08/07/26 15:10:21,-0.525,-1.075,-0.075,58.3,0,85.7,,,,,
3138,08/07/26 15:10:22,-0.525,-1,0.225,58.3,0,103,,,,,
3139,08/07/26 15:10:23,-0.4,-0.8,0.125,66.4,36.9,97.2,,,,,
3140,08/07/26 15:10:24,-0.4,-0.675,0.15,66.4,47.5,98.6,,,,,
3141,08/07/26 15:10:25,-0.425,-1.925,-0.2,64.8,0,78.5,,,,,
3142,08/07/26 15:10:26,-0.475,-1.125,0.075,61.6,0,94.3,,,,,
3143,08/07/26 15:10:27,-0.625,-1.025,0.125,51.3,0,97.2,,,,,
3144,08/07/26 15:10:28,-0.4,-0.925,0.05,66.4,22.3,92.9,,,,,
3145,08/07/26 15:10:29,-0.325,-0.775,0.025,71,39.2,91.4,,,,,
3146,08/07/26 15:10:30,-0.175,-0.8,0.125,79.9,36.9,97.2,,,,,
3147,08/07/26 15:10:31,-0.3,-1,0.225,72.5,0,103,,,,,
3148,08/07/26 15:10:32,-0.35,-1.1,0.125,69.5,0,97.2,,,,,
3149,08/07/26 15:10:33,-0.675,-1.75,-0.25,47.5,0,75.5,,,,,
3150,08/07/26 15:10:34,-0.175,-1,0.25,79.9,0,104.5,,,,,
3151,08/07/26 15:10:35,-0.125,-1.25,0.15,82.8,0,98.6,,,,,
3152,08/07/26 15:10:36,-0.1,-1.15,0.375,84.3,0,112,,,,,
3153,08/07/26 15:10:37,-0.175,-1.1,-0.275,79.9,0,74,,,,,
3154,08/07/26 15:10:38,-0.225,-0.875,-0.05,77,29,87.1,,,,,
3155,08/07/26 15:10:39,-0.7,-0.825,0.125,45.6,34.4,97.2,,,,,
3156,08/07/26 15:10:40,-0.5,-0.675,-0.275,60,47.5,74,,,,,
3157,08/07/26 15:10:41,-1.175,-0.5,-0.25,0,60,75.5,,,,,
3158,08/07/26 15:10:42,-0.95,-0.325,-0.275,18.2,71,74,,,,,
3159,08/07/26 15:10:43,-1.3,-0.025,-0.225,0,88.6,77,,,,,
3160,08/07/26 15:10:44,-1.1,-0.075,-0.35,0,85.7,69.5,,,,,
3161,08/07/26 15:10:45,-1.025,0.025,-0.325,0,91.4,71,,,,,
3162,08/07/26 15:10:46,-1.05,-0.125,-0.3,0,82.8,72.5,,,,,
3163,08/07/26 15:10:47,-0.85,0.025,0.05,31.8,91.4,92.9,,,,,
3164,08/07/26 15:10:48,-1.1,0.025,-0.275,0,91.4,74,,,,,
3165,08/07/26 15:10:49,-0.975,-0.075,-0.1,12.8,85.7,84.3,,,,,
3166,08/07/26 15:10:50,-0.675,0.125,-0.275,47.5,97.2,74,,,,,
3167,08/07/26 15:10:51,-1.275,-0.025,-0.35,0,88.6,69.5,,,,,
3168,08/07/26 15:10:52,-1.3,-0.025,-0.1,0,88.6,84.3,,,,,
3169,08/07/26 15:10:53,-1.075,0.1,-0.175,0,95.7,79.9,,,,,
3170,08/07/26 15:10:54,-0.75,0.075,-0.225,41.4,94.3,77,,,,,
3171,08/07/26 15:10:55,-1.375,0.125,0.075,0,97.2,94.3,,,,,
3172,08/07/26 15:10:56,-0.925,0.125,-0.225,22.3,97.2,77,,,,,
3173,08/07/26 15:10:57,-0.875,-0.1,-0.175,29,84.3,79.9,,,,,
3174,08/07/26 15:10:58,-1.025,0,-0.175,0,90,79.9,,,,,
3175,08/07/26 15:10:59,-0.95,0.125,-0.2,18.2,97.2,78.5,,,,,
3176,08/07/26 15:11:00,-1.025,-0.025,-0.075,0,88.6,85.7,,,,,
3177,08/07/26 15:11:01,-1.2,0.025,-0.175,0,91.4,79.9,,,,,
3178,08/07/26 15:11:02,-1.05,0.15,-0.225,0,98.6,77,,,,,
3179,08/07/26 15:11:03,-1.175,-0.025,-0.15,0,88.6,81.4,,,,,
3180,08/07/26 15:11:04,-0.8,0.075,-0.175,36.9,94.3,79.9,,,,,
3181,08/07/26 15:11:05,-0.875,0.025,-0.3,29,91.4,72.5,,,,,
3182,08/07/26 15:11:06,-1.25,0.05,-0.025,0,92.9,88.6,,,,,
3183,08/07/26 15:11:07,-0.9,0.1,-0.175,25.8,95.7,79.9,,,,,
3184,08/07/26 15:11:08,-0.75,0.075,-0.175,41.4,94.3,79.9,,,,,
3185,08/07/26 15:11:09,-0.625,0.075,-0.275,51.3,94.3,74,,,,,
3186,08/07/26 15:11:10,-0.775,0.175,-0.3,39.2,100.1,72.5,,,,,
3187,08/07/26 15:11:11,-1.025,0.125,-0.25,0,97.2,75.5,,,,,
3188,08/07/26 15:11:12,-0.85,0.175,-0.175,31.8,100.1,79.9,,,,,
3189,08/07/26 15:11:13,-0.725,0.225,-1.125,43.5,103,0,,,,,
3190,08/07/26 15:11:14,-0.9,0.25,-0.3,25.8,104.5,72.5,,,,,
3191,08/07/26 15:11:15,-0.875,0.225,-0.2,29,103,78.5,,,,,
3192,08/07/26 15:11:16,-1,0.15,-0.225,0,98.6,77,,,,,
3193,08/07/26 15:11:17,-1.625,0.075,-1.3,0,94.3,0,,,,,
3194,08/07/26 15:11:18,-1.275,-0.125,0.2,0,82.8,101.5,,,,,
3195,08/07/26 15:11:19,-0.75,-0.5,0.25,41.4,60,104.5,,,,,
3196,08/07/26 15:11:20,-0.875,-0.6,-0.3,29,53.1,72.5,,,,,
3197,08/07/26 15:11:21,-0.675,-0.55,-0.125,47.5,56.6,82.8,,,,,
3198,08/07/26 15:11:22,-0.7,-0.7,-0.325,45.6,45.6,71,,,,,
3199,08/07/26 15:11:23,-0.6,-0.7,-0.175,53.1,45.6,79.9,,,,,
3200,08/07/26 15:11:24,-0.9,-0.8,-0.075,25.8,36.9,85.7,,,,,
3201,08/07/26 15:11:25,-0.575,-0.875,-0.075,54.9,29,85.7,,,,,
3202,08/07/26 15:11:26,-0.625,-0.925,-0.175,51.3,22.3,79.9,,,,,
3203,08/07/26 15:11:27,-0.8,-0.375,0.025,36.9,68,91.4,,,,,
3204,08/07/26 15:11:28,-0.275,-0.8,-0.1,74,36.9,84.3,,,,,
3205,08/07/26 15:11:29,-0.825,-0.675,-0.05,34.4,47.5,87.1,,,,,
3206,08/07/26 15:11:30,-0.425,-0.65,0.05,64.8,49.5,92.9,,,,,
3207,08/07/26 15:11:31,-0.85,-0.8,-0.25,31.8,36.9,75.5,,,,,
3208,08/07/26 15:11:32,-0.8,-0.9,-0.175,36.9,25.8,79.9,,,,,
3209,08/07/26 15:11:33,-0.85,-0.75,-0.15,31.8,41.4,81.4,,,,,
3210,08/07/26 15:11:34,-0.875,-0.65,0.025,29,49.5,91.4,,,,,
3211,08/07/26 15:11:35,-0.675,-0.725,-0.125,47.5,43.5,82.8,,,,,
3212,08/07/26 15:11:36,-0.55,-0.6,0.025,56.6,53.1,91.4,,,,,
3213,08/07/26 15:11:37,-0.7,-0.825,-0.225,45.6,34.4,77,,,,,
3214,08/07/26 15:11:38,-0.725,-0.7,0.05,43.5,45.6,92.9,,,,,
3215,08/07/26 15:11:39,-0.75,-0.775,-0.2,41.4,39.2,78.5,,,,,
3216,08/07/26 15:11:40,-0.75,-0.85,-0.15,41.4,31.8,81.4,,,,,
3217,08/07/26 15:11:41,-0.55,-0.8,-0.225,56.6,36.9,77,,,,,
3218,08/07/26 15:11:42,-1.15,-1.075,-0.075,0,0,85.7,,,,,
3219,08/07/26 15:11:43,-1.025,-1.025,0.05,0,0,92.9,,,,,
3220,08/07/26 15:11:44,-0.575,-0.75,-0.025,54.9,41.4,88.6,,,,,
3221,08/07/26 15:11:45,-0.775,-0.8,0.075,39.2,36.9,94.3,,,,,
3222,08/07/26 15:11:46,-0.475,-0.825,0,61.6,34.4,90,,,,,
3223,08/07/26 15:11:47,-0.35,-0.75,-0.225,69.5,41.4,77,,,,,
3224,08/07/26 15:11:48,-0.3,-0.825,0.025,72.5,34.4,91.4,,,,,
3225,08/07/26 15:11:49,-0.675,-0.975,-0.075,47.5,12.8,85.7,,,,,
3226,08/07/26 15:11:50,-0.75,-0.875,-0.125,41.4,29,82.8,,,,,
3227,08/07/26 15:11:51,-0.525,-0.8,-0.175,58.3,36.9,79.9,,,,,
3228,08/07/26 15:11:52,-0.5,-0.7,-0.1,60,45.6,84.3,,,,,
3229,08/07/26 15:11:53,-0.95,-0.95,0,18.2,18.2,90,,,,,
3230,08/07/26 15:11:54,-0.55,-0.6,-0.125,56.6,53.1,82.8,,,,,
3231,08/07/26 15:11:55,-0.2,-0.55,-0.125,78.5,56.6,82.8,,,,,
3232,08/07/26 15:11:56,-0.525,-0.7,-0.075,58.3,45.6,85.7,,,,,
3233,08/07/26 15:11:57,-0.175,-0.825,-0.15,79.9,34.4,81.4,,,,,
3234,08/07/26 15:11:58,-1.075,-0.825,0.45,0,34.4,116.7,,,,,
3235,08/07/26 15:11:59,-1.275,-1.35,-0.2,0,0,78.5,,,,,
3236,08/07/26 15:12:00,-0.725,-1.025,-0.075,43.5,0,85.7,,,,,
3237,08/07/26 15:12:01,-0.75,-0.675,0.075,41.4,47.5,94.3,,,,,
3238,08/07/26 15:12:02,-0.85,-1.45,-0.1,31.8,0,84.3,,,,,
3239,08/07/26 15:12:03,-0.125,-0.425,0.375,82.8,64.8,112,,,,,
3240,08/07/26 15:12:04,-0.15,-0.65,-0.025,81.4,49.5,88.6,,,,,
3241,08/07/26 15:12:05,-0.35,-0.825,-0.125,69.5,34.4,82.8,,,,,
3242,08/07/26 15:12:06,-0.65,-1.35,-0.45,49.5,0,63.3,,,,,
3243,08/07/26 15:12:07,-0.35,-0.675,-0.225,69.5,47.5,77,,,,,
3244,08/07/26 15:12:08,-0.55,-0.875,-0.15,56.6,29,81.4,,,,,
3245,08/07/26 15:12:09,-0.525,-1.475,-0.45,58.3,0,63.3,,,,,
3246,08/07/26 15:12:10,-1.225,-2.225,-0.55,0,0,56.6,,,,,
3247,08/07/26 15:12:11,-0.825,-1.025,0.1,34.4,0,95.7,,,,,
3248,08/07/26 15:12:12,-0.825,-1.375,0.125,34.4,0,97.2,,,,,
3249,08/07/26 15:12:13,-0.325,-0.775,-0.25,71,39.2,75.5,,,,,
3250,08/07/26 15:12:14,-0.3,-0.6,-0.075,72.5,53.1,85.7,,,,,
3251,08/07/26 15:12:15,-0.575,-0.825,0.05,54.9,34.4,92.9,,,,,
3252,08/07/26 15:12:16,-0.55,-0.65,-0.025,56.6,49.5,88.6,,,,,
3253,08/07/26 15:12:17,-0.875,-0.825,-0.175,29,34.4,79.9,,,,,
3254,08/07/26 15:12:18,-0.65,-0.925,0,49.5,22.3,90,,,,,
3255,08/07/26 15:12:19,-1.05,-0.8,-0.3,0,36.9,72.5,,,,,
3256,08/07/26 15:12:20,-0.9,-1.275,0.025,25.8,0,91.4,,,,,
3257,08/07/26 15:12:21,-0.775,-1.35,-0.35,39.2,0,69.5,,,,,
3258,08/07/26 15:12:22,-0.4,-0.825,-0.225,66.4,34.4,77,,,,,
3259,08/07/26 15:12:23,-0.375,-0.75,-0.075,68,41.4,85.7,,,,,
3260,08/07/26 15:12:24,-0.525,-0.7,-0.025,58.3,45.6,88.6,,,,,
3261,08/07/26 15:12:25,-0.575,-1.1,0.075,54.9,0,94.3,,,,,
3262,08/07/26 15:12:26,-0.55,-0.8,-0.225,56.6,36.9,77,,,,,
3263,08/07/26 15:12:27,-0.8,-0.95,0.075,36.9,18.2,94.3,,,,,
3264,08/07/26 15:12:28,-0.825,-0.7,-0.25,34.4,45.6,75.5,,,,,
3265,08/07/26 15:12:29,-1.175,-1.075,-0.275,0,0,74,,,,,
3266,08/07/26 15:12:30,-0.875,-1.55,-0.05,29,0,87.1,,,,,
3267,08/07/26 15:12:31,-0.575,-0.8,-0.025,54.9,36.9,88.6,,,,,
3268,08/07/26 15:12:32,-0.425,-0.825,0.025,64.8,34.4,91.4,,,,,
3269,08/07/26 15:12:33,-0.75,-0.9,-0.175,41.4,25.8,79.9,,,,,
3270,08/07/26 15:12:34,-0.9,-0.7,0.45,25.8,45.6,116.7,,,,,
3271,08/07/26 15:12:35,-0.725,-1.2,0.125,43.5,0,97.2,,,,,
3272,08/07/26 15:12:36,-0.775,-0.825,-0.075,39.2,34.4,85.7,,,,,
3273,08/07/26 15:12:37,-0.75,-0.875,0.025,41.4,29,91.4,,,,,
3274,08/07/26 15:12:38,-0.475,-0.875,0.025,61.6,29,91.4,,,,,
3275,08/07/26 15:12:39,-0.325,-0.75,-0.125,71,41.4,82.8,,,,,
3276,08/07/26 15:12:40,-0.9,-1.725,-0.225,25.8,0,77,,,,,
3277,08/07/26 15:12:41,-0.55,-1,-0.075,56.6,0,85.7,,,,,
3278,08/07/26 15:12:42,-0.6,-0.9,-0.175,53.1,25.8,79.9,,,,,
3279,08/07/26 15:12:43,-0.425,-0.975,-0.15,64.8,12.8,81.4,,,,,
3280,08/07/26 15:12:44,-0.8,-1.025,-0.325,36.9,0,71,,,,,
3281,08/07/26 15:12:45,-0.7,-0.6,-0.225,45.6,53.1,77,,,,,
3282,08/07/26 15:12:46,-1.1,-1.35,-0.15,0,0,81.4,,,,,
3283,08/07/26 15:12:47,-0.875,-0.775,-0.025,29,39.2,88.6,,,,,
3284,08/07/26 15:12:48,-0.4,-0.5,0.375,66.4,60,112,,,,,
3285,08/07/26 15:12:49,-0.675,-0.9,0.2,47.5,25.8,101.5,,,,,
3286,08/07/26 15:12:50,-0.9,-1.35,-0.375,25.8,0,68,,,,,
3287,08/07/26 15:12:51,-0.7,-1.025,0.075,45.6,0,94.3,,,,,
3288,08/07/26 15:12:52,-0.575,-0.55,-0.125,54.9,56.6,82.8,,,,,
3289,08/07/26 15:12:53,-0.625,-0.575,-0.125,51.3,54.9,82.8,,,,,
3290,08/07/26 15:12:54,-0.5,-0.675,-0.175,60,47.5,79.9,,,,,
3291,08/07/26 15:12:55,-0.9,-0.975,-0.1,25.8,12.8,84.3,,,,,
3292,08/07/26 15:12:56,-0.475,-0.7,-0.175,61.6,45.6,79.9,,,,,
3293,08/07/26 15:12:57,-0.85,-0.85,-0.075,31.8,31.8,85.7,,,,,
3294,08/07/26 15:12:58,-0.675,-0.825,-0.075,47.5,34.4,85.7,,,,,
3295,08/07/26 15:12:59,-0.95,-1.175,-0.125,18.2,0,82.8,,,,,
3296,08/07/26 15:13:00,-0.825,-0.675,-0.125,34.4,47.5,82.8,,,,,
3297,08/07/26 15:13:01,-0.75,-0.75,-0.225,41.4,41.4,77,,,,,
3298,08/07/26 15:13:02,-0.725,-0.7,-0.125,43.5,45.6,82.8,,,,,
3299,08/07/26 15:13:03,-0.975,-1.175,-0.225,12.8,0,77,,,,,
3300,08/07/26 15:13:04,-0.625,-0.725,-0.125,51.3,43.5,82.8,,,,,
3301,08/07/26 15:13:05,-0.775,-0.875,-0.075,39.2,29,85.7,,,,,
3302,08/07/26 15:13:06,-0.6,-0.95,-0.15,53.1,18.2,81.4,,,,,
3303,08/07/26 15:13:07,-0.425,-0.7,-0.1,64.8,45.6,84.3,,,,,
3304,08/07/26 15:13:08,-0.75,-0.875,-0.075,41.4,29,85.7,,,,,
3305,08/07/26 15:13:09,-0.8,-0.85,-0.025,36.9,31.8,88.6,,,,,
3306,08/07/26 15:13:10,-0.525,-0.95,0.125,58.3,18.2,97.2,,,,,
3307,08/07/26 15:13:11,-0.7,-0.725,-0.175,45.6,43.5,79.9,,,,,
3308,08/07/26 15:13:12,-1.275,-1.7,-0.55,0,0,56.6,,,,,
3309,08/07/26 15:13:13,-1.025,-0.25,1.275,0,75.5,180,,,,,
3310,08/07/26 15:13:14,-0.9,-1.025,-0.175,25.8,0,79.9,,,,,
3311,08/07/26 15:13:15,-0.65,-0.825,-0.1,49.5,34.4,84.3,,,,,
3312,08/07/26 15:13:16,-0.9,-0.725,0.15,25.8,43.5,98.6,,,,,
3313,08/07/26 15:13:17,-0.8,-0.65,-0.275,36.9,49.5,74,,,,,
3314,08/07/26 15:13:18,-1.025,-0.275,-0.15,0,74,81.4,,,,,
3315,08/07/26 15:13:19,-0.9,-0.175,-0.15,25.8,79.9,81.4,,,,,
3316,08/07/26 15:13:20,-0.925,0.025,-0.225,22.3,91.4,77,,,,,
3317,08/07/26 15:13:21,-0.45,-0.025,-0.325,63.3,88.6,71,,,,,
3318,08/07/26 15:13:22,-0.65,0.075,-0.25,49.5,94.3,75.5,,,,,
3319,08/07/26 15:13:23,-1.1,0.05,-0.2,0,92.9,78.5,,,,,
3320,08/07/26 15:13:24,-1,0.175,-0.075,0,100.1,85.7,,,,,
3321,08/07/26 15:13:25,-1.05,0.025,-0.2,0,91.4,78.5,,,,,
3322,08/07/26 15:13:26,-1.275,0.175,0.025,0,100.1,91.4,,,,,
3323,08/07/26 15:13:27,-1.25,0.125,-0.175,0,97.2,79.9,,,,,
3324,08/07/26 15:13:28,-0.95,0.075,-0.15,18.2,94.3,81.4,,,,,
3325,08/07/26 15:13:29,-1.125,0.075,-0.075,0,94.3,85.7,,,,,
3326,08/07/26 15:13:30,-1.175,0.1,-0.05,0,95.7,87.1,,,,,
3327,08/07/26 15:13:31,-0.95,0.025,-0.075,18.2,91.4,85.7,,,,,
3328,08/07/26 15:13:32,-1.025,-0.025,-0.2,0,88.6,78.5,,,,,
3329,08/07/26 15:13:33,-1.3,0.2,0.05,0,101.5,92.9,,,,,
3330,08/07/26 15:13:34,-0.775,-0.125,-0.2,39.2,82.8,78.5,,,,,
3331,08/07/26 15:13:35,-0.875,0,0,29,90,90,,,,,
3332,08/07/26 15:13:36,-1.025,0.1,-0.125,0,95.7,82.8,,,,,
3333,08/07/26 15:13:37,-1.025,0.05,-0.15,0,92.9,81.4,,,,,
3334,08/07/26 15:13:38,-1.05,0.075,0.125,0,94.3,97.2,,,,,
3335,08/07/26 15:13:39,-1.075,0.025,-0.15,0,91.4,81.4,,,,,
3336,08/07/26 15:13:40,-0.8,0,-0.075,36.9,90,85.7,,,,,
3337,08/07/26 15:13:41,-0.75,0.225,-0.075,41.4,103,85.7,,,,,
3338,08/07/26 15:13:42,-0.825,-0.1,0,34.4,84.3,90,,,,,
3339,08/07/26 15:13:43,-0.975,-0.025,0,12.8,88.6,90,,,,,
3340,08/07/26 15:13:44,-1.65,0.075,0.35,0,94.3,110.5,,,,,
3341,08/07/26 15:13:45,-1.35,-0.05,0,0,87.1,90,,,,,
3342,08/07/26 15:13:46,-1.225,0.125,-0.1,0,97.2,84.3,,,,,
3343,08/07/26 15:13:47,-0.9,0.025,-0.075,25.8,91.4,85.7,,,,,
3344,08/07/26 15:13:48,-1.075,0.075,0,0,94.3,90,,,,,
3345,08/07/26 15:13:49,-0.875,0.175,-0.025,29,100.1,88.6,,,,,
3346,08/07/26 15:13:50,-1.2,0.175,-0.125,0,100.1,82.8,,,,,
3347,08/07/26 15:13:51,-1.075,-0.025,0.125,0,88.6,97.2,,,,,
3348,08/07/26 15:13:52,-0.9,0.2,0.025,25.8,101.5,91.4,,,,,
3349,08/07/26 15:13:53,-0.775,0.05,-0.1,39.2,92.9,84.3,,,,,
3350,08/07/26 15:13:54,-0.975,0.125,-0.1,12.8,97.2,84.3,,,,,
3351,08/07/26 15:13:55,-1.025,0.175,0.05,0,100.1,92.9,,,,,
3352,08/07/26 15:13:56,-0.95,-0.1,0,18.2,84.3,90,,,,,
3353,08/07/26 15:13:57,-1.5,-0.025,-0.05,0,88.6,87.1,,,,,
3354,08/07/26 15:13:58,-0.85,0.175,-0.05,31.8,100.1,87.1,,,,,
3355,08/07/26 15:13:59,-1.075,0,-0.025,0,90,88.6,,,,,
3356,08/07/26 15:14:00,-0.95,0.175,-0.025,18.2,100.1,88.6,,,,,
3357,08/07/26 15:14:01,-1.025,0.025,-0.1,0,91.4,84.3,,,,,
3358,08/07/26 15:14:02,-0.925,0.15,0,22.3,98.6,90,,,,,
3359,08/07/26 15:14:03,-1.05,0.125,0.075,0,97.2,94.3,,,,,
3360,08/07/26 15:14:04,-1.05,0.125,0,0,97.2,90,,,,,
3361,08/07/26 15:14:05,-1.05,0.1,-0.05,0,95.7,87.1,,,,,
3362,08/07/26 15:14:06,-1.05,0.075,-0.025,0,94.3,88.6,,,,,
3363,08/07/26 15:14:07,-1.05,0.1,0.025,0,95.7,91.4,,,,,
3364,08/07/26 15:14:08,-1.075,0.125,0,0,97.2,90,,,,,
3365,08/07/26 15:14:09,-1.025,0.175,-0.025,0,100.1,88.6,,,,,
3366,08/07/26 15:14:10,-1.025,0.125,0,0,97.2,90,,,,,
3367,08/07/26 15:14:11,-1.05,0.025,-0.15,0,91.4,81.4,,,,,
3368,08/07/26 15:14:12,-1,-0.175,0.125,0,79.9,97.2,,,,,
3369,08/07/26 15:14:13,-1.025,0.125,0.025,0,97.2,91.4,,,,,
3370,08/07/26 15:14:14,-0.95,0.1,0.075,18.2,95.7,94.3,,,,,
3371,08/07/26 15:14:15,-1.025,0.125,0.05,0,97.2,92.9,,,,,
3372,08/07/26 15:14:16,-1.075,0.075,-0.05,0,94.3,87.1,,,,,
3373,08/07/26 15:14:17,-1.025,0.075,0,0,94.3,90,,,,,
3374,08/07/26 15:14:18,-1.025,0.05,0.025,0,92.9,91.4,,,,,
3375,08/07/26 15:14:19,-1.05,0.1,-0.025,0,95.7,88.6,,,,,
3376,08/07/26 15:14:20,-1.025,0.175,0.025,0,100.1,91.4,,,,,
3377,08/07/26 15:14:21,-1.05,0.175,0,0,100.1,90,,,,,
3378,08/07/26 15:14:22,-0.95,0.125,0,18.2,97.2,90,,,,,
3379,08/07/26 15:14:23,-0.95,0.175,0.1,18.2,100.1,95.7,,,,,
3380,08/07/26 15:14:24,-0.825,0.025,-0.125,34.4,91.4,82.8,,,,,
3381,08/07/26 15:14:25,-1.075,0.05,-0.075,0,92.9,85.7,,,,,
3382,08/07/26 15:14:26,-1.1,0.05,0.125,0,92.9,97.2,,,,,
3383,08/07/26 15:14:27,-1.025,-0.075,0.125,0,85.7,97.2,,,,,
3384,08/07/26 15:14:28,-1.1,0.125,0.075,0,97.2,94.3,,,,,
3385,08/07/26 15:14:29,-1.075,0.125,0.15,0,97.2,98.6,,,,,
3386,08/07/26 15:14:30,-0.9,-0.375,0.075,25.8,68,94.3,,,,,
3387,08/07/26 15:14:31,-1.075,0.25,0.075,0,104.5,94.3,,,,,
3388,08/07/26 15:14:32,-0.975,0.175,-0.025,12.8,100.1,88.6,,,,,
3389,08/07/26 15:14:33,-1.025,0.025,0.025,0,91.4,91.4,,,,,
3390,08/07/26 15:14:34,-1,0.125,0.05,0,97.2,92.9,,,,,
3391,08/07/26 15:14:35,-1.025,0.175,-0.025,0,100.1,88.6,,,,,
3392,08/07/26 15:14:36,-1.05,0.075,0.025,0,94.3,91.4,,,,,
3393,08/07/26 15:14:37,-1.025,0.075,0.05,0,94.3,92.9,,,,,
3394,08/07/26 15:14:38,-1.025,0.125,0.05,0,97.2,92.9,,,,,
3395,08/07/26 15:14:39,-1,0.15,-0.025,0,98.6,88.6,,,,,
3396,08/07/26 15:14:40,-1.125,0.15,-0.025,0,98.6,88.6,,,,,
3397,08/07/26 15:14:41,-1.025,0.125,0.05,0,97.2,92.9,,,,,
3398,08/07/26 15:14:42,-0.925,0.3,-0.025,22.3,107.5,88.6,,,,,
3399,08/07/26 15:14:43,-0.95,0.075,0.025,18.2,94.3,91.4,,,,,
3400,08/07/26 15:14:44,-1.05,0.35,0.025,0,110.5,91.4,,,,,
3401,08/07/26 15:14:45,-1.1,-0.05,0.05,0,87.1,92.9,,,,,
3402,08/07/26 15:14:46,-1.025,0.125,-0.075,0,97.2,85.7,,,,,
3403,08/07/26 15:14:47,-0.95,0.25,-0.025,18.2,104.5,88.6,,,,,
3404,08/07/26 15:14:48,-1.025,0.025,0,0,91.4,90,,,,,
3405,08/07/26 15:14:49,-1.05,0,-0.125,0,90,82.8,,,,,
3406,08/07/26 15:14:50,-1.05,0.125,-0.075,0,97.2,85.7,,,,,
3407,08/07/26 15:14:51,-1,-0.15,-0.025,0,81.4,88.6,,,,,
3408,08/07/26 15:14:52,-1.025,0.1,-0.1,0,95.7,84.3,,,,,
3409,08/07/26 15:14:53,-0.95,-0.1,-0.175,18.2,84.3,79.9,,,,,
3410,08/07/26 15:14:54,-1.025,0.15,-0.075,0,98.6,85.7,,,,,
3411,08/07/26 15:14:55,-1,0.225,-0.2,0,103,78.5,,,,,
3412,08/07/26 15:14:56,-1.125,-0.025,-0.075,0,88.6,85.7,,,,,
3413,08/07/26 15:14:57,-1.025,0.2,0.05,0,101.5,92.9,,,,,
3414,08/07/26 15:14:58,-0.975,0.1,-0.025,12.8,95.7,88.6,,,,,
3415,08/07/26 15:14:59,-1.025,-0.05,-0.15,0,87.1,81.4,,,,,
3416,08/07/26 15:15:00,-0.8,0.35,-0.025,36.9,110.5,88.6,,,,,
3417,08/07/26 15:15:01,-1.2,0.075,-0.175,0,94.3,79.9,,,,,
3418,08/07/26 15:15:02,-1.025,-0.15,-0.125,0,81.4,82.8,,,,,
3419,08/07/26 15:15:03,-0.95,0.175,-0.125,18.2,100.1,82.8,,,,,
3420,08/07/26 15:15:04,-1.05,0.125,-0.1,0,97.2,84.3,,,,,
3421,08/07/26 15:15:05,-1.05,0.3,-0.075,0,107.5,85.7,,,,,
3422,08/07/26 15:15:06,-0.975,0.225,-0.125,12.8,103,82.8,,,,,
3423,08/07/26 15:15:07,-0.95,0.025,-0.175,18.2,91.4,79.9,,,,,
3424,08/07/26 15:15:08,-0.9,0.25,-0.1,25.8,104.5,84.3,,,,,
3425,08/07/26 15:15:09,-1.075,0.325,-0.15,0,109,81.4,,,,,
3426,08/07/26 15:15:10,-0.95,0.075,-0.15,18.2,94.3,81.4,,,,,
3427,08/07/26 15:15:11,-0.95,0.225,-0.15,18.2,103,81.4,,,,,
3428,08/07/26 15:15:12,-0.9,0.175,-0.225,25.8,100.1,77,,,,,
3429,08/07/26 15:15:13,-1.025,0.125,-0.125,0,97.2,82.8,,,,,
3430,08/07/26 15:15:14,-1.05,0.2,-0.325,0,101.5,71,,,,,
3431,08/07/26 15:15:15,-1.025,0.25,0.4,0,104.5,113.6,,,,,
3432,08/07/26 15:15:16,-1.05,-0.025,-0.125,0,88.6,82.8,,,,,
3433,08/07/26 15:15:17,-0.925,0.3,-0.15,22.3,107.5,81.4,,,,,
3434,08/07/26 15:15:18,-0.85,0.3,-0.1,31.8,107.5,84.3,,,,,
3435,08/07/26 15:15:19,-0.925,0.175,-0.125,22.3,100.1,82.8,,,,,
3436,08/07/26 15:15:20,-1.05,0.025,-0.175,0,91.4,79.9,,,,,
3437,08/07/26 15:15:21,-1.025,0.125,-0.175,0,97.2,79.9,,,,,
3438,08/07/26 15:15:22,-0.975,0.3,-0.125,12.8,107.5,82.8,,,,,
3439,08/07/26 15:15:23,-1.025,0.125,-0.175,0,97.2,79.9,,,,,
3440,08/07/26 15:15:24,-1.025,0.1,-0.1,0,95.7,84.3,,,,,
3441,08/07/26 15:15:25,-0.95,0.3,-0.075,18.2,107.5,85.7,,,,,
3442,08/07/26 15:15:26,-1.2,0.1,-0.15,0,95.7,81.4,,,,,
3443,08/07/26 15:15:27,-1.025,0.025,-0.075,0,91.4,85.7,,,,,
3444,08/07/26 15:15:28,-0.975,0.4,-0.075,12.8,113.6,85.7,,,,,
3445,08/07/26 15:15:29,-1,0.125,-0.1,0,97.2,84.3,,,,,
3446,08/07/26 15:15:30,-1,0,-0.175,0,90,79.9,,,,,
3447,08/07/26 15:15:31,-0.95,0.35,-0.075,18.2,110.5,85.7,,,,,
3448,08/07/26 15:15:32,-1.025,0.25,-0.1,0,104.5,84.3,,,,,
3449,08/07/26 15:15:33,-1,-0.075,-0.175,0,85.7,79.9,,,,,
3450,08/07/26 15:15:34,-1.075,0.3,-0.15,0,107.5,81.4,,,,,
3451,08/07/26 15:15:35,-0.875,0.275,-0.125,29,106,82.8,,,,,
3452,08/07/26 15:15:36,-1.025,0.125,-0.15,0,97.2,81.4,,,,,
3453,08/07/26 15:15:37,-0.975,0.025,-0.125,12.8,91.4,82.8,,,,,
3454,08/07/26 15:15:38,-1.05,0.25,-0.175,0,104.5,79.9,,,,,
3455,08/07/26 15:15:39,-1.025,0.125,-0.175,0,97.2,79.9,,,,,
3456,08/07/26 15:15:40,-1.025,-0.075,-0.175,0,85.7,79.9,,,,,
3457,08/07/26 15:15:41,-0.975,0.375,-0.15,12.8,112,81.4,,,,,
3458,08/07/26 15:15:42,-1.125,0.175,-0.175,0,100.1,79.9,,,,,
3459,08/07/26 15:15:43,-1.025,0,-0.125,0,90,82.8,,,,,
3460,08/07/26 15:15:44,-1.025,0.125,-0.15,0,97.2,81.4,,,,,
3461,08/07/26 15:15:45,-0.975,0.225,-0.1,12.8,103,84.3,,,,,
3462,08/07/26 15:15:46,-0.975,0.225,-0.2,12.8,103,78.5,,,,,
3463,08/07/26 15:15:47,-0.975,0.175,-0.375,12.8,100.1,68,,,,,
3464,08/07/26 15:15:48,-1,0.075,-0.125,0,94.3,82.8,,,,,
3465,08/07/26 15:15:49,-0.9,0.3,-0.1,25.8,107.5,84.3,,,,,
3466,08/07/26 15:15:50,-1.075,0.125,-0.275,0,97.2,74,,,,,
3467,08/07/26 15:15:51,-1.025,0.2,-0.125,0,101.5,82.8,,,,,
3468,08/07/26 15:15:52,-1.025,0.25,-0.075,0,104.5,85.7,,,,,
3469,08/07/26 15:15:53,-1.025,0.275,-0.15,0,106,81.4,,,,,
3470,08/07/26 15:15:54,-0.925,0.075,-0.15,22.3,94.3,81.4,,,,,
3471,08/07/26 15:15:55,-1.025,0.25,-0.175,0,104.5,79.9,,,,,
3472,08/07/26 15:15:56,-0.85,0.3,0.075,31.8,107.5,94.3,,,,,
3473,08/07/26 15:15:57,-0.9,0.1,-0.075,25.8,95.7,85.7,,,,,
3474,08/07/26 15:15:58,-0.975,0.25,-0.125,12.8,104.5,82.8,,,,,
3475,08/07/26 15:15:59,-0.9,0.4,0.075,25.8,113.6,94.3,,,,,
3476,08/07/26 15:16:00,-0.9,-0.025,-0.275,25.8,88.6,74,,,,,
3477,08/07/26 15:16:01,-1.05,0.1,-0.1,0,95.7,84.3,,,,,
3478,08/07/26 15:16:02,-0.975,0.225,-0.05,12.8,103,87.1,,,,,
3479,08/07/26 15:16:03,-0.975,0.225,-0.225,12.8,103,77,,,,,
3480,08/07/26 15:16:04,-1.05,-0.1,-0.175,0,84.3,79.9,,,,,
3481,08/07/26 15:16:05,-0.875,0.625,-0.175,29,128.7,79.9,,,,,
